https://askubuntu.com/;https://pixel.quantserve.com/pixel/p-c1rF4kxgLUzNc.gif
askubuntu.com/tour;https://cdn.sstatic.net/Sites/askubuntu/img/apple-touch-icon@2.png?v=c492c9229955
askubuntu.com/tour;"https://www.gravatar.com/avatar/50831392a935576d1de521027e8b078c?s=32&amp;d=identicon&amp;r=PG"
askubuntu.com/tour;"https://www.gravatar.com/avatar/2e4cdafda67d3e1ae467dc0a94030170?s=32&amp;d=identicon&amp;r=PG"
askubuntu.com/tour;"https://www.gravatar.com/avatar/93b5126e90e22a4e141e0c5734d89ff9?s=32&amp;d=identicon&amp;r=PG"
askubuntu.com/tour;"https://www.gravatar.com/avatar/50831392a935576d1de521027e8b078c?s=32&amp;d=identicon&amp;r=PG"
askubuntu.com/tour;"https://www.gravatar.com/avatar/2e4cdafda67d3e1ae467dc0a94030170?s=32&amp;d=identicon&amp;r=PG"
askubuntu.com/tour;https://cdn.sstatic.net/Sites/stackexchange/img/apple-touch-icon@2.png?v=7512a9aa351b
askubuntu.com/tour;https://pixel.quantserve.com/pixel/p-c1rF4kxgLUzNc.gif
askubuntu.com/help;https://pixel.quantserve.com/pixel/p-c1rF4kxgLUzNc.gif
askubuntu.com/questions;"https://i.stack.imgur.com/iUFAw.jpg?s=32&amp;g=1"
askubuntu.com/questions;"https://www.gravatar.com/avatar/1a7dad6b190ce502198079036de01990?s=32&amp;d=identicon&amp;r=PG"
askubuntu.com/questions;"https://www.gravatar.com/avatar/e45b7b779ff63e0f1f3eaa30ed951e17?s=32&amp;d=identicon&amp;r=PG&amp;f=1"
askubuntu.com/questions;"https://www.gravatar.com/avatar/9f4a2ed7a709ad3a4ed889e5ae15e965?s=32&amp;d=identicon&amp;r=PG&amp;f=1"
askubuntu.com/questions;"https://www.gravatar.com/avatar/0117d5841d2228f96eead56d7dce8097?s=32&amp;d=identicon&amp;r=PG&amp;f=1"
askubuntu.com/questions;"https://www.gravatar.com/avatar/6bb585324373f6924bbd71fb6937be78?s=32&amp;d=identicon&amp;r=PG&amp;f=1"
askubuntu.com/questions;"https://www.gravatar.com/avatar/6d122a0dfdea5476cfb2de67ef0782c1?s=32&amp;d=identicon&amp;r=PG"
askubuntu.com/questions;"https://www.gravatar.com/avatar/117e8010e827e2817946dbad22eb6448?s=32&amp;d=identicon&amp;r=PG&amp;f=1"
askubuntu.com/questions;"https://www.gravatar.com/avatar/1caf096d69e96651d78ade0d178bf9d5?s=32&amp;d=identicon&amp;r=PG"
askubuntu.com/questions;"https://www.gravatar.com/avatar/2b77010c11ff35a233b8031a7cec47fb?s=32&amp;d=identicon&amp;r=PG&amp;f=1"
askubuntu.com/questions;https://lh3.googleusercontent.com/-AleErOZU2Xs/AAAAAAAAAAI/AAAAAAAAAKw/AxoKeaqZDEY/photo.jpg?sz=32
askubuntu.com/questions;"https://i.stack.imgur.com/0c29q.jpg?s=32&amp;g=1"
askubuntu.com/questions;"https://www.gravatar.com/avatar/8a771bfb70b2d4600cd424585787cd05?s=32&amp;d=identicon&amp;r=PG"
askubuntu.com/questions;"https://www.gravatar.com/avatar/bc07c67f42651f77624694bfd9ad6923?s=32&amp;d=identicon&amp;r=PG&amp;f=1"
askubuntu.com/questions;"https://www.gravatar.com/avatar/5d6abc336adb8e26bec0b9ef47fda432?s=32&amp;d=identicon&amp;r=PG&amp;f=1"
askubuntu.com/questions;https://pixel.quantserve.com/pixel/p-c1rF4kxgLUzNc.gif
askubuntu.com/tags;https://pixel.quantserve.com/pixel/p-c1rF4kxgLUzNc.gif
askubuntu.com/users;"https://i.stack.imgur.com/A4LiS.jpg?s=96&amp;g=1"
askubuntu.com/users;"https://www.gravatar.com/avatar/0ce9def9898b5e9e0339ccc26c57ae94?s=96&amp;d=identicon&amp;r=PG"
askubuntu.com/users;"https://i.stack.imgur.com/U1Jy6.jpg?s=96&amp;g=1"
askubuntu.com/users;"https://i.stack.imgur.com/8CW8e.png?s=96&amp;g=1"
askubuntu.com/users;"https://i.stack.imgur.com/Lrlbx.jpg?s=96&amp;g=1"
askubuntu.com/users;"https://www.gravatar.com/avatar/7ad5ec231a4c0818abde7684ba28754e?s=96&amp;d=identicon&amp;r=PG"
askubuntu.com/users;"https://www.gravatar.com/avatar/d9d19324a2160f90b341a9acf25387c5?s=96&amp;d=identicon&amp;r=PG"
askubuntu.com/users;"https://i.stack.imgur.com/BQJ8C.jpg?s=96&amp;g=1"
askubuntu.com/users;"https://i.stack.imgur.com/Hec4G.png?s=96&amp;g=1"
askubuntu.com/users;"https://www.gravatar.com/avatar/631f04176f88084e982e7b343c7973f8?s=96&amp;d=identicon&amp;r=PG"
askubuntu.com/users;"https://www.gravatar.com/avatar/f0af40756420859b5b63cbceb6d30505?s=96&amp;d=identicon&amp;r=PG"
askubuntu.com/users;"https://i.stack.imgur.com/8mGqv.gif?s=96&amp;g=1"
askubuntu.com/users;"https://www.gravatar.com/avatar/633c6a15cf0dddfeb7da340f39d19bd8?s=96&amp;d=identicon&amp;r=PG"
askubuntu.com/users;"https://www.gravatar.com/avatar/2086f63f0c1ac9fe50190849114d8394?s=96&amp;d=identicon&amp;r=PG"
askubuntu.com/users;"https://i.stack.imgur.com/aZsF6.jpg?s=96&amp;g=1"
askubuntu.com/users;"https://i.stack.imgur.com/lcww5.png?s=96&amp;g=1"
askubuntu.com/users;"https://i.stack.imgur.com/idNpq.jpg?s=96&amp;g=1"
askubuntu.com/users;"https://i.stack.imgur.com/N6ksj.jpg?s=96&amp;g=1"
askubuntu.com/users;"https://i.stack.imgur.com/HtZ3d.png?s=96&amp;g=1"
askubuntu.com/users;"https://www.gravatar.com/avatar/285b1f0f4caadc088a38c40aea22feba?s=96&amp;d=identicon&amp;r=PG"
askubuntu.com/users;"https://www.gravatar.com/avatar/34bc9c94a87d9cef8d7b410b2bc8a71d?s=96&amp;d=identicon&amp;r=PG"
askubuntu.com/users;"https://i.stack.imgur.com/E0SEH.png?s=96&amp;g=1"
askubuntu.com/users;"https://i.stack.imgur.com/zqElV.png?s=96&amp;g=1"
askubuntu.com/users;"https://i.stack.imgur.com/9oztA.jpg?s=96&amp;g=1"
askubuntu.com/users;"https://i.stack.imgur.com/m8DYH.jpg?s=96&amp;g=1"
askubuntu.com/users;"https://i.stack.imgur.com/xUm6o.jpg?s=96&amp;g=1"
askubuntu.com/users;"https://i.stack.imgur.com/d4Ktb.png?s=96&amp;g=1"
askubuntu.com/users;"https://www.gravatar.com/avatar/2ffaf294c9defd840eb90cbc12e1dd82?s=96&amp;d=identicon&amp;r=PG"
askubuntu.com/users;"https://www.gravatar.com/avatar/079efb3c08fc853cb3ef1ee9d906c18f?s=96&amp;d=identicon&amp;r=PG"
askubuntu.com/users;"https://www.gravatar.com/avatar/49da80dd0232882bee8b791976924f73?s=96&amp;d=identicon&amp;r=PG"
askubuntu.com/users;"https://www.gravatar.com/avatar/6ffa59e0d1ccb23f0d53631a43c7dadb?s=96&amp;d=identicon&amp;r=PG"
askubuntu.com/users;"https://www.gravatar.com/avatar/4e5ce5c4022c585238d643d8fe4ff14c?s=96&amp;d=identicon&amp;r=PG&amp;f=1"
askubuntu.com/users;"https://www.gravatar.com/avatar/c88f455192559b06f95d006abfe33f9f?s=96&amp;d=identicon&amp;r=PG"
askubuntu.com/users;"https://www.gravatar.com/avatar/d0852cc25044163b6c17486d46d400ba?s=96&amp;d=identicon&amp;r=PG"
askubuntu.com/users;"https://www.gravatar.com/avatar/49b3965181e828a67ff84507e0b56984?s=96&amp;d=identicon&amp;r=PG"
askubuntu.com/users;"https://i.stack.imgur.com/6y3wA.jpg?s=96&amp;g=1"
askubuntu.com/users;https://pixel.quantserve.com/pixel/p-c1rF4kxgLUzNc.gif
askubuntu.com/unanswered;"https://i.stack.imgur.com/YobM1.jpg?s=32&amp;g=1"
askubuntu.com/unanswered;"https://www.gravatar.com/avatar/ba4dabd3c1f0e8d5a5e77e37f7c7f24b?s=32&amp;d=identicon&amp;r=PG"
askubuntu.com/unanswered;"https://www.gravatar.com/avatar/75e8bb63bc165984a46c1eb6e5458033?s=32&amp;d=identicon&amp;r=PG&amp;f=1"
askubuntu.com/unanswered;"https://www.gravatar.com/avatar/440c96fe2dc212e8d498d0166799e951?s=32&amp;d=identicon&amp;r=PG"
askubuntu.com/unanswered;"https://www.gravatar.com/avatar/a007be5a61f6aa8f3e85ae2fc18dd66e?s=32&amp;d=identicon&amp;r=PG"
askubuntu.com/unanswered;"https://www.gravatar.com/avatar/a037307231ba9ffbc01a7575125393b3?s=32&amp;d=identicon&amp;r=PG"
askubuntu.com/unanswered;"https://www.gravatar.com/avatar/b99c19bbe166745fc5d29ea09ff2c562?s=32&amp;d=identicon&amp;r=PG"
askubuntu.com/unanswered;https://lh4.googleusercontent.com/-n9AuOR1E7SY/AAAAAAAAAAI/AAAAAAAAAPs/ARL8PX7JTps/photo.jpg?sz=32
askubuntu.com/unanswered;"https://www.gravatar.com/avatar/a007be5a61f6aa8f3e85ae2fc18dd66e?s=32&amp;d=identicon&amp;r=PG"
askubuntu.com/unanswered;"https://i.stack.imgur.com/8CW8e.png?s=32&amp;g=1"
askubuntu.com/unanswered;"https://i.stack.imgur.com/ZuYFV.png?s=32&amp;g=1"
askubuntu.com/unanswered;"https://www.gravatar.com/avatar/ea72bde92e8af0ebbf6ae9940942a0c6?s=32&amp;d=identicon&amp;r=PG"
askubuntu.com/unanswered;https://graph.facebook.com/1295914600537345/picture?type=large
askubuntu.com/unanswered;"https://www.gravatar.com/avatar/a007be5a61f6aa8f3e85ae2fc18dd66e?s=32&amp;d=identicon&amp;r=PG"
askubuntu.com/unanswered;"https://i.stack.imgur.com/YfHD9.jpg?s=32&amp;g=1"
askubuntu.com/unanswered;https://pixel.quantserve.com/pixel/p-c1rF4kxgLUzNc.gif
askubuntu.com/tags;https://pixel.quantserve.com/pixel/p-c1rF4kxgLUzNc.gif
askubuntu.com/questions;"https://i.stack.imgur.com/iUFAw.jpg?s=32&amp;g=1"
askubuntu.com/questions;"https://www.gravatar.com/avatar/1a7dad6b190ce502198079036de01990?s=32&amp;d=identicon&amp;r=PG"
askubuntu.com/questions;"https://www.gravatar.com/avatar/e45b7b779ff63e0f1f3eaa30ed951e17?s=32&amp;d=identicon&amp;r=PG&amp;f=1"
askubuntu.com/questions;"https://www.gravatar.com/avatar/9f4a2ed7a709ad3a4ed889e5ae15e965?s=32&amp;d=identicon&amp;r=PG&amp;f=1"
askubuntu.com/questions;"https://www.gravatar.com/avatar/0117d5841d2228f96eead56d7dce8097?s=32&amp;d=identicon&amp;r=PG&amp;f=1"
askubuntu.com/questions;"https://www.gravatar.com/avatar/6bb585324373f6924bbd71fb6937be78?s=32&amp;d=identicon&amp;r=PG&amp;f=1"
askubuntu.com/questions;"https://www.gravatar.com/avatar/6d122a0dfdea5476cfb2de67ef0782c1?s=32&amp;d=identicon&amp;r=PG"
askubuntu.com/questions;"https://www.gravatar.com/avatar/117e8010e827e2817946dbad22eb6448?s=32&amp;d=identicon&amp;r=PG&amp;f=1"
askubuntu.com/questions;"https://www.gravatar.com/avatar/1caf096d69e96651d78ade0d178bf9d5?s=32&amp;d=identicon&amp;r=PG"
askubuntu.com/questions;"https://www.gravatar.com/avatar/2b77010c11ff35a233b8031a7cec47fb?s=32&amp;d=identicon&amp;r=PG&amp;f=1"
askubuntu.com/questions;https://lh3.googleusercontent.com/-AleErOZU2Xs/AAAAAAAAAAI/AAAAAAAAAKw/AxoKeaqZDEY/photo.jpg?sz=32
askubuntu.com/questions;"https://i.stack.imgur.com/0c29q.jpg?s=32&amp;g=1"
askubuntu.com/questions;"https://www.gravatar.com/avatar/8a771bfb70b2d4600cd424585787cd05?s=32&amp;d=identicon&amp;r=PG"
askubuntu.com/questions;"https://www.gravatar.com/avatar/bc07c67f42651f77624694bfd9ad6923?s=32&amp;d=identicon&amp;r=PG&amp;f=1"
askubuntu.com/questions;"https://www.gravatar.com/avatar/5d6abc336adb8e26bec0b9ef47fda432?s=32&amp;d=identicon&amp;r=PG&amp;f=1"
askubuntu.com/questions;https://pixel.quantserve.com/pixel/p-c1rF4kxgLUzNc.gif
askubuntu.com/;https://pixel.quantserve.com/pixel/p-c1rF4kxgLUzNc.gif
askubuntu.com/tour;https://cdn.sstatic.net/Sites/askubuntu/img/apple-touch-icon@2.png?v=c492c9229955
askubuntu.com/tour;"https://www.gravatar.com/avatar/50831392a935576d1de521027e8b078c?s=32&amp;d=identicon&amp;r=PG"
askubuntu.com/tour;"https://www.gravatar.com/avatar/2e4cdafda67d3e1ae467dc0a94030170?s=32&amp;d=identicon&amp;r=PG"
askubuntu.com/tour;"https://www.gravatar.com/avatar/93b5126e90e22a4e141e0c5734d89ff9?s=32&amp;d=identicon&amp;r=PG"
askubuntu.com/tour;"https://www.gravatar.com/avatar/50831392a935576d1de521027e8b078c?s=32&amp;d=identicon&amp;r=PG"
askubuntu.com/tour;"https://www.gravatar.com/avatar/2e4cdafda67d3e1ae467dc0a94030170?s=32&amp;d=identicon&amp;r=PG"
askubuntu.com/tour;https://cdn.sstatic.net/Sites/stackexchange/img/apple-touch-icon@2.png?v=7512a9aa351b
askubuntu.com/tour;https://pixel.quantserve.com/pixel/p-c1rF4kxgLUzNc.gif
askubuntu.com/help;https://pixel.quantserve.com/pixel/p-c1rF4kxgLUzNc.gif
askubuntu.com/contact;http://i.stack.imgur.com/KQcS3.png?s=32
askubuntu.com/contact;http://i.stack.imgur.com/z1bFy.png?s=32
askubuntu.com/contact;https://pixel.quantserve.com/pixel/p-c1rF4kxgLUzNc.gif
